SET SQL_MODE = "NO_AUTO_VALUE_ON_ZERO";
SET GLOBAL sql_mode=(SELECT REPLACE(@@sql_mode,'ONLY_FULL_GROUP_BY',''));
START TRANSACTION;
SET time_zone = "+00:00";


/*!40101 SET @OLD_CHARACTER_SET_CLIENT=@@CHARACTER_SET_CLIENT */;
/*!40101 SET @OLD_CHARACTER_SET_RESULTS=@@CHARACTER_SET_RESULTS */;
/*!40101 SET @OLD_COLLATION_CONNECTION=@@COLLATION_CONNECTION */;
/*!40101 SET NAMES utf8mb4 */;

-- --------------------------------------------------------

--
-- Table structure for table `deliveries`
--

CREATE TABLE `deliveries` (
  `id` int(11) NOT NULL,
  `user_id` int(11) NOT NULL,
  `driver_id` int(11) NOT NULL,
  `src` point NOT NULL,
  `dest` point NOT NULL,
  `requested_at` datetime NOT NULL DEFAULT '0000-00-00 00:00:00',
  `delivered_at` datetime NOT NULL DEFAULT '0000-00-00 00:00:00'
) ENGINE=InnoDB DEFAULT CHARSET=utf8mb4;

--
-- Dumping data for table `deliveries`
--

INSERT INTO `deliveries` (`id`, `user_id`, `driver_id`, `src`, `dest`, `requested_at`, `delivered_at`) VALUES
(1, 1, 7, 0x000000000101000000934b61cfbaa518c0cea274a573d163c0, 0x0000000001010000002041485d90201ac06b9409b34eda63c0, '2019-11-19 07:14:57', '2019-11-19 07:32:16'),
(2, 10, 1, 0x000000000101000000e71f2721f90f55408e1fef5df10f6240, 0x00000000010100000097a4688746f254400d97e4d3db1b6240, '2020-02-16 06:32:20', '2020-02-16 08:33:41'),
(3, 8, 7, 0x0000000001010000001b506e1119a853409e52dd024ca95140, 0x0000000001010000000430dc73fbb753409c92ab1950a95140, '2019-11-18 11:53:35', '2019-11-18 14:22:46'),
(4, 1, 10, 0x000000000101000000ca561f5f69ab4ac0a09c5c20604e4c40, 0x0000000001010000003720bc0214d04ac0993d62e1e85e4c40, '2019-05-28 05:16:51', '2019-05-28 08:24:44'),
(5, 9, 1, 0x000000000101000000e3c2e937746155c012bb883d71dd6440, 0x0000000001010000009e771c2ddf5b55c0c3b9e5509cec6440, '2019-03-18 08:41:51', '2019-03-18 09:28:19'),
(6, 10, 1, 0x000000000101000000e00a0b6564851dc01da6351404d35140, 0x000000000101000000bcf37940fcf91ec00978ee7f0cdc5140, '2020-01-12 13:20:44', '2020-01-12 13:25:31'),
(7, 6, 2, 0x00000000010100000086cdbf3293e631c03ffea84743ff64c0, 0x0000000001010000004d4fb81869a731c08daa5c5d840565c0, '2021-05-23 05:30:46', '2021-05-23 07:44:07'),
(8, 4, 3, 0x0000000001010000007d2353a9c51150c01349bfe1b52462c0, 0x000000000101000000f9a2bbe46b3150c0c2a3b93dd12162c0, '2019-05-09 17:12:30', '2019-05-09 17:55:00'),
(9, 5, 5, 0x0000000001010000009fd2aeb95ae955409709b0eb95846040, 0x00000000010100000004569fbbf2ca55406df48911578a6040, '2020-07-21 16:37:56', '2020-07-21 18:24:09'),
(10, 1, 8, 0x0000000001010000008ae24fcf5ef14440dfd75120eceb3cc0, 0x0000000001010000002ec1ae608620454037f2604743f93cc0, '2020-01-28 05:10:18', '2020-01-28 06:55:31'),
(11, 3, 2, 0x0000000001010000001b347e07071a40c0b8617eacf93049c0, 0x00000000010100000022208d96075040c065a19371a41049c0, '2020-02-25 17:00:16', '2020-02-25 18:53:27'),
(12, 9, 10, 0x000000000101000000691951c3b20c50c0640f2b1bae875240, 0x0000000001010000006e469e7c2ce34fc0e4dc1f18628e5240, '2020-06-21 02:44:22', '2020-06-21 03:59:03'),
(13, 8, 4, 0x000000000101000000ce2e098c639747c03a50451e36a84440, 0x0000000001010000003432a778fc5847c0ef15d291faca4440, '2019-06-20 16:51:16', '2019-06-20 18:02:19'),
(14, 7, 3, 0x000000000101000000232d02dc8f9653c08cadc1b999566140, 0x0000000001010000007365877db49253c04531ccaac2486140, '2019-06-14 10:15:21', '2019-06-14 11:09:09'),
(15, 9, 7, 0x000000000101000000c2131b3be98944c0c22be23ea89563c0, 0x0000000001010000000a8704e6718344c01871a1f5b78863c0, '2021-02-18 16:54:00', '2021-02-18 17:14:53'),
(16, 8, 7, 0x000000000101000000fafaaae5867d4cc09e99dc4be34c4c40, 0x000000000101000000271cccbe1f4e4cc0dbfe2abb4c3f4c40, '2019-06-27 11:36:09', '2019-06-27 12:07:36'),
(17, 2, 1, 0x00000000010100000038d95857746c28c073927198634961c0, 0x000000000101000000e169a06e9e3429c0d000b5a06c5061c0, '2019-08-10 01:07:46', '2019-08-10 02:52:46'),
(18, 2, 4, 0x0000000001010000009cbfb4218f5f3040774b15d3ca2565c0, 0x000000000101000000a6383be21c1c30408c128e683a1965c0, '2020-12-22 21:46:32', '2020-12-22 22:28:10'),
(19, 1, 3, 0x000000000101000000194eb354122754402f5150af5ea86540, 0x000000000101000000a26ad53445155440b0886fd6a4b46540, '2019-01-03 02:20:18', '2019-01-03 02:53:03'),
(20, 10, 4, 0x000000000101000000377f075e9ebf3d405fd6e9baa9eb5b40, 0x00000000010100000065ce2fdd5c673d40aac093d6fbff5b40, '2020-01-14 00:53:20', '2020-01-14 01:59:20'),
(21, 10, 5, 0x0000000001010000005953e5ec8da938c09cfa96dc92fd62c0, 0x0000000001010000005075bee994ba38c0b3807eb64bf062c0, '2019-07-04 08:10:34', '2019-07-04 10:11:38'),
(22, 8, 4, 0x0000000001010000007d50a66a3da854c0f71ff1f3ed8f5740, 0x000000000101000000b83c82d669be54c0f6396a6e017d5740, '2019-01-15 02:32:12', '2019-01-15 04:34:58'),
(23, 5, 5, 0x000000000101000000a719b56ccb8c30406ac326c5a3615e40, 0x0000000001010000006642a6413da1304071a7d4e013745e40, '2020-11-14 23:00:05', '2020-11-15 00:14:54'),
(24, 4, 10, 0x0000000001010000007954f1d036aa4b40ffefcef90d785240, 0x000000000101000000c5ea1a3679b54b4071441d3e33825240, '2021-05-03 18:37:40', '2021-05-03 19:12:57'),
(25, 9, 4, 0x000000000101000000c91a49d97b8d1cc06dbce4e06dde6140, 0x000000000101000000b618cae4520c1bc0247185165fe86140, '2020-04-15 14:32:19', '2020-04-15 15:39:01'),
(26, 7, 2, 0x000000000101000000d6ad1e77f4563dc0ab634f3812b25e40, 0x000000000101000000ffb74cfbfbdb3cc06939c2def0bc5e40, '2020-06-19 18:33:44', '2020-06-19 19:03:04'),
(27, 9, 5, 0x0000000001010000008f969433f44a2640c60100437b0059c0, 0x000000000101000000937c010680be2540c464458d6a1259c0, '2020-08-17 20:52:28', '2020-08-17 21:31:50'),
(28, 6, 2, 0x0000000001010000006ecb39cec56555409fa002721c503d40, 0x00000000010100000074fcf04e405e55400679d588753c3d40, '2021-04-26 06:43:37', '2021-04-26 06:50:18'),
(29, 10, 9, 0x000000000101000000c41ec18c670f504075926c708e492ec0, 0x000000000101000000c5f86356691c5040f3bfbbe2e6df2ec0, '2020-07-21 22:58:39', '2020-07-21 23:15:46'),
(30, 10, 10, 0x000000000101000000454649b53ca33ac01f2397ab6e914540, 0x000000000101000000a4ab3664b9d53ac0ab23b758c5514540, '2021-06-05 07:59:11', '2021-06-05 08:42:55'),
(31, 10, 8, 0x00000000010100000083bb98cbcd5d47407bcc8d5a8a666540, 0x000000000101000000687c0f662a7e4740890c03c33a766540, '2019-10-08 12:50:47', '2019-10-08 14:01:30'),
(32, 2, 1, 0x0000000001010000000c35f7af8c1a52c0658a102111454e40, 0x0000000001010000009135b258cffa51c01344f8860b624e40, '2020-08-23 12:23:21', '2020-08-23 12:32:24'),
(33, 4, 10, 0x0000000001010000004622a81e23915140f4e62bc388f34fc0, 0x000000000101000000315a8cf31c8d51407576916f2cfb4fc0, '2019-07-17 04:06:14', '2019-07-17 04:11:00'),
(34, 10, 1, 0x0000000001010000009370b51717b834c00fbbe16498dd46c0, 0x000000000101000000553aa061589d34c023a522369c1247c0, '2021-05-21 11:19:18', '2021-05-21 13:57:51'),
(35, 2, 4, 0x000000000101000000ef03f4a1cf013c40c4e6ccec58734cc0, 0x0000000001010000009b5cba0e64ae3b40372c7897fc554cc0, '2020-10-22 06:44:08', '2020-10-22 07:06:56'),
(36, 8, 6, 0x00000000010100000081861db21dc349c087ee434449f74340, 0x0000000001010000002d2151257bd049c02f147bf20fca4340, '2019-11-21 17:09:05', '2019-11-21 17:30:42'),
(37, 8, 8, 0x000000000101000000e8fea3ee7dff4e40de44e21a9ea260c0, 0x000000000101000000e0f4b4eb4c3a4f40b241ece2f8b060c0, '2020-11-11 00:00:04', '2020-11-11 00:08:34'),
(38, 10, 5, 0x00000000010100000027056b65858244c0ec8e4371a8c73540, 0x000000000101000000bb3417da665a44c0e05fda57baaf3540, '2021-03-14 23:35:03', '2021-03-15 02:23:00'),
(39, 4, 10, 0x000000000101000000223c28d81d1e3ec0e00fd1274d885940, 0x000000000101000000786c1bd63f363ec0e8a8cf9e71745940, '2019-03-17 03:01:07', '2019-03-17 04:43:36'),
(40, 4, 2, 0x000000000101000000a67da4f0cc3e4940a7f2f42586790ac0, 0x000000000101000000fb5f6b07057049404e4b1134a1a50cc0, '2021-05-06 15:52:17', '2021-05-06 16:41:22'),
(41, 7, 3, 0x00000000010100000001e831c498f3b8bfa330a7769998f3bf, 0x0000000001010000004623e2928611d1bffc1e98054f0ff4bf, '2019-08-16 17:18:07', '2019-08-16 18:48:40'),
(42, 6, 2, 0x0000000001010000007ce3f5a6ad715640628f5594c14761c0, 0x0000000001010000006c3659de337b56407ec750357b5361c0, '2019-05-18 08:17:54', '2019-05-18 11:35:32'),
(43, 6, 5, 0x000000000101000000d6d87403686c4f4080a9999bb95466c0, 0x0000000001010000004566fe880d734f4086b46720024a66c0, '2021-02-14 22:58:45', '2021-02-14 23:47:32'),
(44, 5, 1, 0x00000000010100000095161022540b4940eeedbe446f7727c0, 0x000000000101000000dedaf21f572d4940b9eade19207528c0, '2019-03-23 23:40:56', '2019-03-24 00:25:22'),
(45, 3, 1, 0x0000000001010000004af66e10357b31400033b418a2194040, 0x00000000010100000076c681cc7d633140a4b49107441a4040, '2020-04-25 06:07:19', '2020-04-25 06:22:07'),
(46, 2, 3, 0x0000000001010000002c6c2c0d9b362a4063be5cbd195f3a40, 0x000000000101000000a60a5511cc85294076dbe31bb76d3a40, '2020-01-11 04:59:00', '2020-01-11 07:46:58'),
(47, 2, 9, 0x000000000101000000c88491ff6e425540ff3a6939521d62c0, 0x0000000001010000003af8d42a215c55408986bc9df41262c0, '2019-02-15 16:30:55', '2019-02-15 16:48:27'),
(48, 9, 9, 0x000000000101000000f318c440970c02c075e7c81fc67353c0, 0x00000000010100000026191483740c06c0a903a053e46153c0, '2019-03-05 14:59:36', '2019-03-05 17:21:07'),
(49, 9, 3, 0x000000000101000000a051c195cea84940a1ac5a972ad660c0, 0x00000000010100000039e8a77c02b449404b81e33eaed060c0, '2021-04-23 13:27:56', '2021-04-23 14:39:30'),
(50, 3, 2, 0x000000000101000000e3e9fdc113f543c09d3d7b19ae9e0dc0, 0x00000000010100000084cb460ac52544c012fce54537fe0ec0, '2021-02-21 14:30:38', '2021-02-21 14:50:06'),
(51, 1, 7, 0x0000000001010000004aa49af945520d40f3475f0e362463c0, 0x00000000010100000068da044a526d0e40a9de64328b1f63c0, '2020-09-02 18:44:15', '2020-09-02 18:53:03'),
(52, 8, 1, 0x000000000101000000366300c87d314dc030b286ab46d965c0, 0x000000000101000000e72465c35d524dc0739f818f7adf65c0, '2019-07-23 17:25:15', '2019-07-23 17:54:40'),
(53, 4, 5, 0x00000000010100000014779be1863b52401719e2d4890c0140, 0x000000000101000000542e8cbb1c37524080bfd845b25f0040, '2020-03-05 22:13:16', '2020-03-05 22:55:36'),
(54, 4, 6, 0x000000000101000000a9d0199c5e685340c8b011cc39d83c40, 0x0000000001010000006e641a9e2f525340aa948cc472ca3c40, '2021-01-26 06:39:33', '2021-01-26 07:07:30'),
(55, 4, 10, 0x000000000101000000ebaedb1374d74cc07cf7ad11bcfb4cc0, 0x000000000101000000e634cced72da4cc0fc0d01e1e6c64cc0, '2021-06-01 03:32:16', '2021-06-01 04:38:58'),
(56, 8, 9, 0x000000000101000000cdb76d1203dc4340460590bfb30255c0, 0x00000000010100000054923ec614094440bee54c71cd1255c0, '2019-09-22 10:58:41', '2019-09-22 11:08:50'),
(57, 8, 9, 0x0000000001010000005fbb3c4fbd5d4fc066615034ab305540, 0x000000000101000000e21695e65a4b4fc0e3f4a6077e1a5540, '2021-02-10 22:33:19', '2021-02-10 23:20:36'),
(58, 2, 3, 0x0000000001010000009f12a77d3c8927c075be39b4c6df5b40, 0x000000000101000000323d3f437d9e26c03c8dc42f2fe75b40, '2019-02-13 18:42:54', '2019-02-13 21:03:51'),
(59, 9, 6, 0x0000000001010000007b9404f73eca53c0077a08b4253d30c0, 0x000000000101000000a733f616d4b953c064b2a1d88cd92fc0, '2021-04-22 05:38:30', '2021-04-22 09:00:42'),
(60, 6, 5, 0x000000000101000000f7a89a6a69d45540bff8b57b65fcfabf, 0x00000000010100000082f8dd183fdc5540b5a8b889f353f4bf, '2019-07-12 10:27:16', '2019-07-12 10:38:51'),
(61, 3, 8, 0x0000000001010000002ccfbb1699e74640331de8d38b0e4ac0, 0x000000000101000000f83fd1210fe046403da9e97a96144ac0, '2019-02-05 05:17:45', '2019-02-05 07:56:08'),
(62, 5, 4, 0x0000000001010000001266d3ac10b34640e84f12b1ec2754c0, 0x000000000101000000e25119cee7e846408f3ea264513f54c0, '2020-08-01 19:00:48', '2020-08-01 19:20:29'),
(63, 10, 9, 0x00000000010100000047f5153ba7fa4f40523f38c4871fcc3f, 0x00000000010100000086d1923bbe085040a5cd37a9aee7bbbf, '2019-01-21 13:24:54', '2019-01-21 14:23:54'),
(64, 1, 2, 0x000000000101000000bea3c37af7d14640a66a7bc54db55640, 0x0000000001010000007a027a7d35c1464076e3bf41c1d15640, '2019-12-04 10:10:59', '2019-12-04 11:31:09'),
(65, 4, 4, 0x000000000101000000e7c251c8786152c0545473e53aaa5040, 0x0000000001010000007247caecc54352c0a9b1d542d7b85040, '2019-09-04 16:22:04', '2019-09-04 18:41:13'),
(66, 4, 6, 0x0000000001010000006679ffe8cbbc46c0de73757bf2b955c0, 0x0000000001010000002427fa7ea0d346c080fbad78b39d55c0, '2019-08-13 10:20:04', '2019-08-13 11:46:31'),
(67, 1, 6, 0x000000000101000000083406ab1f1a48c04ecf0a86b4675640, 0x000000000101000000e107dc80f14348c071d9eb54ae4c5640, '2019-04-12 08:39:34', '2019-04-12 09:21:38'),
(68, 3, 3, 0x000000000101000000f363c49dd9314340777c2143a3bd5f40, 0x000000000101000000751683ce174b434011c64e33dbc25f40, '2019-11-12 22:58:54', '2019-11-13 01:33:22'),
(69, 5, 6, 0x000000000101000000540733ccc7832d406b9db941e44e60c0, 0x000000000101000000a21ed16ad38f2d4035733dbddf4960c0, '2020-03-10 02:37:20', '2020-03-10 04:37:05'),
(70, 4, 3, 0x000000000101000000814559e6b122544030f06cd257782ec0, 0x0000000001010000005a1f2b2abb2f54400abeef7facde2ec0, '2019-03-15 06:20:34', '2019-03-15 09:22:16'),
(71, 7, 9, 0x000000000101000000a15954fedf2c34c005fc6e74727d5ec0, 0x0000000001010000003b87651fc24334c036595387868c5ec0, '2020-09-29 23:48:36', '2020-09-30 01:35:48'),
(72, 2, 3, 0x00000000010100000057c13d09abe04dc0307489a949ba3840, 0x00000000010100000070c766309fa34dc01a68888ae6b33840, '2020-03-02 06:47:49', '2020-03-02 07:58:01'),
(73, 8, 5, 0x000000000101000000de97924eddcb51404e075671b1032340, 0x0000000001010000000affa5f97bdf5140a8d8dbf85fec2240, '2019-07-08 11:01:51', '2019-07-08 12:06:45'),
(74, 8, 4, 0x000000000101000000250c122610064240928d3227b9463d40, 0x00000000010100000018d013b20b28424071e84224f9f33c40, '2021-04-02 16:03:21', '2021-04-02 19:05:45'),
(75, 10, 2, 0x000000000101000000054a6abeea244ac017fef0fd1a7f2040, 0x000000000101000000313783ba795b4ac04a218623b4102040, '2020-01-25 16:35:19', '2020-01-25 17:24:14'),
(76, 4, 3, 0x000000000101000000739156cfc9c85240a5e419cc48f25140, 0x000000000101000000796d030dadd652402521f4a794f05140, '2019-03-25 16:58:46', '2019-03-25 17:11:06'),
(77, 2, 7, 0x00000000010100000052b5671bae5a5340096724927c335b40, 0x0000000001010000005208b1b92a64534014923443b4285b40, '2020-02-11 11:03:35', '2020-02-11 11:41:55'),
(78, 4, 10, 0x00000000010100000053f072c02f7837c08fa59679d15256c0, 0x000000000101000000c9bf3e6c07e037c00374ce75f75956c0, '2020-03-17 13:26:57', '2020-03-17 13:37:03'),
(79, 9, 1, 0x000000000101000000f0895b76fec44c40fcded5b2d0ef5b40, 0x000000000101000000a061a2b2c6f04c40409ac73ecfed5b40, '2020-05-02 23:55:59', '2020-05-03 00:33:44'),
(80, 1, 1, 0x000000000101000000c0a29255585109c0729adbc7254d6640, 0x000000000101000000d6d8ec25886c0ac0577d031dc94e6640, '2019-03-18 11:59:20', '2019-03-18 12:26:15'),
(81, 9, 3, 0x0000000001010000008428633b2e9425c0103de7116a9e3f40, 0x000000000101000000bcfd8a64427f26c0a94e77e635273f40, '2021-02-27 11:44:00', '2021-02-27 12:20:51'),
(82, 5, 2, 0x000000000101000000937061b041385340fcf5675792fa5e40, 0x00000000010100000017f00d830a5853403a3e8f7894ff5e40, '2021-06-02 14:53:58', '2021-06-02 16:41:42'),
(83, 1, 5, 0x0000000001010000001c37cc4a851b22c0f558a3a555ac3d40, 0x000000000101000000e21fd1d3fc8f21c0223da1b0c31e3e40, '2020-09-08 08:11:40', '2020-09-08 08:56:40'),
(84, 1, 6, 0x0000000001010000001ba28709125152c008658f536db241c0, 0x000000000101000000db6f03e8ef5752c0e01dae71f7ce41c0, '2020-06-13 10:34:29', '2020-06-13 10:39:35'),
(85, 3, 10, 0x00000000010100000021a3ffe49dd117c02040b180f29f4ec0, 0x000000000101000000af40cc6d472018c00add09e372ae4ec0, '2021-02-02 15:01:37', '2021-02-02 15:41:15'),
(86, 5, 5, 0x000000000101000000b349f118e5245440c2a2b42a76514040, 0x000000000101000000c7891e24ed2454403f167982174b4040, '2020-01-21 19:56:04', '2020-01-21 22:12:21'),
(87, 7, 5, 0x000000000101000000d6508f0a74a81fc0dee71d96dd7364c0, 0x00000000010100000074dc0a1c3f6e20c02949e3a93f7464c0, '2019-09-14 03:52:54', '2019-09-14 04:44:03'),
(88, 3, 4, 0x00000000010100000035c9a559916453c02da27c9b49d164c0, 0x000000000101000000c71668c2516b53c0278a631cc9d464c0, '2019-11-19 14:22:17', '2019-11-19 14:57:15'),
(89, 5, 7, 0x0000000001010000001ef64a88107b3340948ebc51374744c0, 0x00000000010100000025a838063bd43340c1bb7779de1d44c0, '2021-02-22 20:13:17', '2021-02-22 21:11:35'),
(90, 5, 3, 0x00000000010100000080475654c6234c40c0d72d4ddceb55c0, 0x000000000101000000cf1ba02f004e4c405b8766b0afe355c0, '2020-02-22 20:23:42', '2020-02-22 21:56:00'),
(91, 3, 1, 0x000000000101000000fc9f610f0450504039dbb1b9d16d64c0, 0x0000000001010000004ca4fd5e213250401e7a737dd96c64c0, '2019-10-05 18:52:17', '2019-10-05 20:43:59'),
(92, 6, 5, 0x000000000101000000a642cb925a215640db323e8b8a193340, 0x000000000101000000cce6756d6a1356400c346ed6159a3240, '2020-03-08 01:29:12', '2020-03-08 04:29:41'),
(93, 7, 7, 0x000000000101000000ca44f7796ca246c0a5554f8456aa2f40, 0x0000000001010000007a4c9afb5b6646c09994d8f3ec492f40, '2019-11-01 02:39:59', '2019-11-01 03:31:11'),
(94, 9, 5, 0x000000000101000000be4b59a1e6a54dc0b3c994ddea644cc0, 0x0000000001010000003f577279876b4dc0e66fa3d8e9774cc0, '2020-07-25 00:21:17', '2020-07-25 01:27:08'),
(95, 5, 1, 0x00000000010100000052fbff1f92fd4840b49edd7046cf48c0, 0x0000000001010000004309d2a2bbc4484091fd577eb6be48c0, '2020-08-30 14:21:58', '2020-08-30 15:26:27'),
(96, 1, 1, 0x000000000101000000e542be377ea155c080fdc605cc7e37c0, 0x00000000010100000073eb55c1bd9555c02254e4b9fda937c0, '2021-06-11 00:02:20', '2021-06-11 02:17:37'),
(97, 9, 10, 0x0000000001010000008a55ff2dceaa4e401f3d5e3d509e6140, 0x000000000101000000e34faf25d2e74e4012b59aafa1aa6140, '2021-03-12 16:07:50', '2021-03-12 17:22:56'),
(98, 5, 10, 0x0000000001010000006ed8d2df5f6c25409074a7c5acb95ec0, 0x00000000010100000057cab6e939652640fa5d06e95dcf5ec0, '2020-08-31 15:10:55', '2020-08-31 15:50:37'),
(99, 4, 6, 0x000000000101000000d6c312b19d612d4028baf7c21fdd41c0, 0x000000000101000000e3bf836473e02c409dce02815ca741c0, '2020-10-23 16:04:21', '2020-10-23 16:04:49'),
(100, 9, 10, 0x000000000101000000727575b1feba3cc06fffcdfb9d7f64c0, 0x000000000101000000a21cade4540e3dc0f8e1b7a3ca8064c0, '2019-12-29 11:22:12', '2019-12-29 13:59:29');

-- --------------------------------------------------------

--
-- Table structure for table `drivers`
--

CREATE TABLE `drivers` (
  `id` int(11) NOT NULL,
  `name` varchar(255) NOT NULL,
  `phone` varchar(255) NOT NULL
) ENGINE=InnoDB DEFAULT CHARSET=utf8mb4;

--
-- Dumping data for table `drivers`
--

INSERT INTO `drivers` (`id`, `name`, `phone`) VALUES
(1, 'wFxNeUwYh', '+989228700847'),
(2, 'aliOioOr0i5NH', '+989286816448'),
(3, '0Bw3qjlZN', '+989434763948'),
(4, 'CT4iz', '+989194052101'),
(5, 'B0vxU46Dh8Nl', '+989583425107'),
(6, 'aliKzWyph5Ulsmv6', '+989871717440'),
(7, 'SII I9E6', '+989765451950'),
(8, 'F2ha0baP5Udlfl', '+989224897490'),
(9, '3941XsaNpcDN7', '+989411777497'),
(10, 'Is nJennQUxfjsz', '+989212390735');

-- --------------------------------------------------------

--
-- Table structure for table `orders`
--

CREATE TABLE `orders` (
  `delivery_id` int(11) NOT NULL,
  `price` decimal(10,2) NOT NULL
) ENGINE=InnoDB DEFAULT CHARSET=utf8mb4;

--
-- Dumping data for table `orders`
--

INSERT INTO `orders` (`delivery_id`, `price`) VALUES
(1, '132827.00'),
(2, '148587.00'),
(3, '48426.00'),
(4, '100432.00'),
(5, '139981.00'),
(6, '128349.00'),
(7, '99419.00'),
(8, '46971.00'),
(9, '57776.00'),
(10, '38681.00'),
(11, '195682.00'),
(12, '192514.00'),
(13, '125480.00'),
(14, '87067.00'),
(15, '152358.00'),
(16, '138643.00'),
(17, '198910.00'),
(18, '145680.00'),
(19, '137909.00'),
(20, '124264.00'),
(21, '189536.00'),
(22, '189458.00'),
(23, '120858.00'),
(24, '107963.00'),
(25, '139015.00'),
(26, '188836.00'),
(27, '134376.00'),
(28, '89872.00'),
(29, '45380.00'),
(30, '101917.00'),
(31, '88150.00'),
(32, '33898.00'),
(33, '139707.00'),
(34, '119116.00'),
(35, '167399.00'),
(36, '53714.00'),
(37, '137378.00'),
(38, '88200.00'),
(39, '100269.00'),
(40, '61410.00'),
(41, '95006.00'),
(42, '120785.00'),
(43, '185666.00'),
(44, '104532.00'),
(45, '57160.00'),
(46, '129290.00'),
(47, '48149.00'),
(48, '132592.00'),
(49, '85659.00'),
(50, '82628.00'),
(51, '194377.00'),
(52, '45099.00'),
(53, '180640.00'),
(54, '154886.00'),
(55, '38889.00'),
(56, '183569.00'),
(57, '130386.00'),
(58, '191145.00'),
(59, '191156.00'),
(60, '30306.00'),
(61, '74782.00'),
(62, '138635.00'),
(63, '101534.00'),
(64, '59715.00'),
(65, '35672.00'),
(66, '150306.00'),
(67, '76607.00'),
(68, '102633.00'),
(69, '87343.00'),
(70, '41645.00'),
(71, '137916.00'),
(72, '172276.00'),
(73, '164712.00'),
(74, '26308.00'),
(75, '159963.00'),
(76, '35424.00'),
(77, '108395.00'),
(78, '170504.00'),
(79, '134158.00'),
(80, '89150.00'),
(81, '50810.00'),
(82, '70888.00'),
(83, '85172.00'),
(84, '197163.00'),
(85, '52575.00'),
(86, '137565.00'),
(87, '129227.00'),
(88, '194366.00'),
(89, '122987.00'),
(90, '173987.00'),
(91, '192012.00'),
(92, '186540.00'),
(93, '163965.00'),
(94, '147136.00'),
(95, '83479.00'),
(96, '119166.00'),
(97, '112868.00'),
(98, '50840.00'),
(99, '55894.00'),
(100, '158961.00');

-- --------------------------------------------------------

--
-- Table structure for table `rates`
--

CREATE TABLE `rates` (
  `delivery_id` int(11) NOT NULL,
  `rate` enum('1','2','3','4','5') NOT NULL
) ENGINE=InnoDB DEFAULT CHARSET=utf8mb4;

--
-- Dumping data for table `rates`
--

INSERT INTO `rates` (`delivery_id`, `rate`) VALUES
(1, '1'),
(2, '3'),
(3, '5'),
(4, '3'),
(5, '4'),
(6, '4'),
(7, '3'),
(8, '2'),
(9, '1'),
(10, '4'),
(11, '4'),
(12, '2'),
(13, '1'),
(14, '5'),
(15, '4'),
(16, '5'),
(17, '2'),
(18, '5'),
(19, '4'),
(20, '4'),
(21, '2'),
(22, '4'),
(23, '2'),
(24, '1'),
(25, '4'),
(26, '2'),
(27, '5'),
(28, '5'),
(29, '4'),
(30, '5'),
(31, '4'),
(32, '5'),
(33, '1'),
(34, '3'),
(35, '2'),
(36, '3'),
(37, '4'),
(38, '1'),
(39, '3'),
(40, '5'),
(41, '4'),
(42, '5'),
(43, '1'),
(44, '5'),
(45, '5'),
(46, '2'),
(47, '2'),
(48, '5'),
(49, '4'),
(50, '1'),
(51, '1'),
(52, '2'),
(53, '4'),
(54, '2'),
(55, '3'),
(56, '1'),
(57, '3'),
(58, '1'),
(59, '4'),
(60, '2'),
(61, '1'),
(62, '2'),
(63, '3'),
(64, '1'),
(65, '4'),
(66, '1'),
(67, '5'),
(68, '1'),
(69, '5'),
(70, '2'),
(71, '5'),
(72, '2'),
(73, '3'),
(74, '1'),
(75, '5'),
(76, '3'),
(77, '5'),
(78, '3'),
(79, '2'),
(80, '1'),
(81, '1'),
(82, '3'),
(83, '5'),
(84, '5'),
(85, '4'),
(86, '4'),
(87, '3'),
(88, '5'),
(89, '2'),
(90, '2'),
(91, '1'),
(92, '2'),
(93, '2'),
(94, '2'),
(95, '1'),
(96, '4'),
(97, '5'),
(98, '3'),
(99, '3'),
(100, '4');

-- --------------------------------------------------------

--
-- Table structure for table `users`
--

CREATE TABLE `users` (
  `id` int(11) NOT NULL,
  `name` varchar(255) NOT NULL,
  `phone` varchar(255) NOT NULL
) ENGINE=InnoDB DEFAULT CHARSET=utf8mb4;

--
-- Dumping data for table `users`
--

INSERT INTO `users` (`id`, `name`, `phone`) VALUES
(1, 'EgYYltI', '+989750299436'),
(2, ' xtmjkMW', '+989707173773'),
(3, 'ali9Q0isTlxwO', '+989294922101'),
(4, 'alilyopz0Y0SLBO', '+989300249471'),
(5, 'alilubOaXC', '+989347921701'),
(6, 'ojt1mfGK', '+989613148516'),
(7, 'XegLt2SyMpvi', '+989931339855'),
(8, 'aliv7jL3cMOuB29x1', '+989462565663'),
(9, 'vczXwJucq149Zy', '+989164562757'),
(10, 'l5IkRbO', '+989609625336');

--
-- Indexes for dumped tables
--

--
-- Indexes for table `deliveries`
--
ALTER TABLE `deliveries`
  ADD PRIMARY KEY (`id`),
  ADD KEY `user_id` (`user_id`),
  ADD KEY `driver_id` (`driver_id`);

--
-- Indexes for table `drivers`
--
ALTER TABLE `drivers`
  ADD PRIMARY KEY (`id`);

--
-- Indexes for table `orders`
--
ALTER TABLE `orders`
  ADD PRIMARY KEY (`delivery_id`);

--
-- Indexes for table `rates`
--
ALTER TABLE `rates`
  ADD PRIMARY KEY (`delivery_id`);

--
-- Indexes for table `users`
--
ALTER TABLE `users`
  ADD PRIMARY KEY (`id`);

--
-- AUTO_INCREMENT for dumped tables
--

--
-- AUTO_INCREMENT for table `deliveries`
--
ALTER TABLE `deliveries`
  MODIFY `id` int(11) NOT NULL AUTO_INCREMENT, AUTO_INCREMENT=101;

--
-- AUTO_INCREMENT for table `drivers`
--
ALTER TABLE `drivers`
  MODIFY `id` int(11) NOT NULL AUTO_INCREMENT, AUTO_INCREMENT=11;

--
-- AUTO_INCREMENT for table `users`
--
ALTER TABLE `users`
  MODIFY `id` int(11) NOT NULL AUTO_INCREMENT, AUTO_INCREMENT=11;

--
-- Constraints for dumped tables
--

--
-- Constraints for table `deliveries`
--
ALTER TABLE `deliveries`
  ADD CONSTRAINT `deliveries_ibfk_1` FOREIGN KEY (`user_id`) REFERENCES `users` (`id`),
  ADD CONSTRAINT `deliveries_ibfk_2` FOREIGN KEY (`driver_id`) REFERENCES `drivers` (`id`);

--
-- Constraints for table `orders`
--
ALTER TABLE `orders`
  ADD CONSTRAINT `orders_ibfk_1` FOREIGN KEY (`delivery_id`) REFERENCES `deliveries` (`id`);

--
-- Constraints for table `rates`
--
ALTER TABLE `rates`
  ADD CONSTRAINT `rates_ibfk_1` FOREIGN KEY (`delivery_id`) REFERENCES `deliveries` (`id`);
COMMIT;

/*!40101 SET CHARACTER_SET_CLIENT=@OLD_CHARACTER_SET_CLIENT */;
/*!40101 SET CHARACTER_SET_RESULTS=@OLD_CHARACTER_SET_RESULTS */;
/*!40101 SET COLLATION_CONNECTION=@OLD_COLLATION_CONNECTION */;
